{
    "fvd": {
        "value": {
            "10": 52.87153183789794,
            "11": 45.20975543455199,
            "12": 49.81615852348625,
            "13": 51.96631756464282,
            "14": 62.29565299325766,
            "15": 50.17783136562642,
            "16": 57.19321457123229,
            "17": 61.20390556434096,
            "18": 65.72307784663073,
            "19": 59.85378237521902,
            "20": 66.24790240061527
        },
        "video_setting": [
            1000,
            3,
            20,
            64,
            64
        ],
        "video_setting_name": "batch_size, channel, time, heigth, width"
    }
}