{
    "fvd": {
        "value": {
            "10": 62.27184887035149,
            "11": 55.813051742383166,
            "12": 62.906508140951956,
            "13": 71.79848184270145,
            "14": 82.62625367424491,
            "15": 78.98828647648583,
            "16": 88.94765670261773,
            "17": 96.08895737700627,
            "18": 111.3547234349634,
            "19": 110.36355638528215,
            "20": 125.08284256031097
        },
        "video_setting": [
            1000,
            3,
            20,
            64,
            64
        ],
        "video_setting_name": "batch_size, channel, time, heigth, width"
    }
}