{
    "fvd": {
        "value": {
            "10": 50.75422584744681,
            "11": 46.10343980764661,
            "12": 49.44668375744781,
            "13": 53.57144657991891,
            "14": 59.79547958921126,
            "15": 53.451451034037575,
            "16": 60.77615242126063,
            "17": 66.1726970446163,
            "18": 71.25039676082604,
            "19": 67.29129384824277,
            "20": 75.48005208345825
        },
        "video_setting": [
            1000,
            3,
            20,
            64,
            64
        ],
        "video_setting_name": "batch_size, channel, time, heigth, width"
    }
}