{
    "fvd": {
        "value": {
            "10": 36.79510124157935,
            "11": 27.74609053839825,
            "12": 34.155381307980655,
            "13": 40.244304790706046,
            "14": 48.69305367628317,
            "15": 39.470264953295285,
            "16": 45.09942010839128,
            "17": 47.675185398387036,
            "18": 53.69315102992249,
            "19": 47.349702966160976,
            "20": 55.51799919905484
        },
        "video_setting": [
            1000,
            3,
            20,
            64,
            64
        ],
        "video_setting_name": "batch_size, channel, time, heigth, width"
    }
}