{
    "fvd": {
        "value": {
            "10": 31.70685594685343,
            "11": 25.26629598438487,
            "12": 29.27491336590255,
            "13": 36.62582516140418,
            "14": 42.58179858933291,
            "15": 40.12203848947097,
            "16": 43.09300519282473,
            "17": 47.252427675836685,
            "18": 52.551365068745405,
            "19": 51.37547882497424,
            "20": 55.693601802305494
        },
        "video_setting": [
            1000,
            3,
            20,
            64,
            64
        ],
        "video_setting_name": "batch_size, channel, time, heigth, width"
    }
}