{
    "fvd": {
        "value": {
            "10": 205.83231623750993,
            "11": 180.79268880464028,
            "12": 200.42823995173347,
            "13": 186.76463571837178,
            "14": 234.99306316788386,
            "15": 213.50038764054906,
            "16": 257.02885199116065,
            "17": 283.79632262002656,
            "18": 345.665695049132,
            "19": 328.69022305954354,
            "20": 389.91649735678646
        },
        "video_setting": [
            1000,
            3,
            20,
            64,
            64
        ],
        "video_setting_name": "batch_size, channel, time, heigth, width"
    }
}