{
    "fvd": {
        "value": {
            "10": 39.8837584586596,
            "11": 35.54564844899334,
            "12": 38.873000057842034,
            "13": 50.374675460946,
            "14": 53.61031752142939,
            "15": 52.80314184728395,
            "16": 55.22134677095941,
            "17": 63.68751470229779,
            "18": 66.8823763562945,
            "19": 65.69505715302776,
            "20": 66.0490171314027
        },
        "video_setting": [
            1000,
            3,
            20,
            64,
            64
        ],
        "video_setting_name": "batch_size, channel, time, heigth, width"
    }
}