{
    "fvd": {
        "value": {
            "10": 30.423256739634052,
            "11": 24.46650141592273,
            "12": 29.72939818877557,
            "13": 37.40529557230926,
            "14": 44.78217015319136,
            "15": 39.47773338964568,
            "16": 46.056383272123426,
            "17": 44.483762584221196,
            "18": 49.66400103297169,
            "19": 45.89461286579213,
            "20": 52.39722516392037
        },
        "video_setting": [
            1000,
            3,
            20,
            64,
            64
        ],
        "video_setting_name": "batch_size, channel, time, heigth, width"
    }
}