{
    "fvd": {
        "value": {
            "10": 39.078059853032165,
            "11": 33.0113467428158,
            "12": 34.7215192959018,
            "13": 47.875539099944746,
            "14": 54.45138829112835,
            "15": 50.10107492530322,
            "16": 52.577264813702804,
            "17": 57.58727818355463,
            "18": 63.64098402453006,
            "19": 60.86099093142709,
            "20": 65.31940417328317
        },
        "video_setting": [
            1000,
            3,
            20,
            64,
            64
        ],
        "video_setting_name": "batch_size, channel, time, heigth, width"
    }
}