{
    "fvd": {
        "value": {
            "10": 34.32295736514387,
            "11": 28.43276389960941,
            "12": 35.981524317515266,
            "13": 40.95054728004,
            "14": 48.252481710342906,
            "15": 45.656105020735026,
            "16": 52.269198120958954,
            "17": 53.44997235818592,
            "18": 57.855609814664575,
            "19": 56.8754816667182,
            "20": 62.463685889093384
        },
        "video_setting": [
            1000,
            3,
            20,
            64,
            64
        ],
        "video_setting_name": "batch_size, channel, time, heigth, width"
    }
}