{
    "fvd": {
        "value": {
            "10": 35.10600316362152,
            "11": 28.790610091007526,
            "12": 32.64727199071286,
            "13": 41.10516847904812,
            "14": 43.68253302573337,
            "15": 44.47722500946262,
            "16": 43.45135170288934,
            "17": 49.099571316507195,
            "18": 50.96964228281971,
            "19": 54.23003095352707,
            "20": 55.902876557151075
        },
        "video_setting": [
            1000,
            3,
            20,
            64,
            64
        ],
        "video_setting_name": "batch_size, channel, time, heigth, width"
    }
}